TOWNID,GEOID,TOWN,COUNTY_NUM,COUNTY_NAME,MASSDOT_DISTRICT,EMS_REGION,RPA,MPO,MPO_SUBREGION,RTA,MBTA,MBTA_MFZONING,MAPC_COMM_TYPE,MAPC_COMM_SUBTYPE,GATEWAY_CITY,Changed_GEOID
7,2500901185,Amesbury,,Essex,4,3,MVPC,Merrimack Valley,Merrimack Valley: 1,MeVa,Extended,Adjacent community,Regional Urban Centers,RUC: Sub-RUC,No,2020-2024 ACS
87,2501519365,Easthampton,,Hampshire,2,1,PVPC,Pioneer Valley,Pioneer Valley: 3,PVTA,Not MBTA,NA,Regional Urban Centers,RUC: Sub-RUC,No,2020-2024 ACS
16,2500502690,Attleboro,,Bristol,5,5,SRPEDD,Southeast Mass,Southeast Mass: Attleboro,GATRA,Extended,Commuter Rail,Regional Urban Centers,RUC: Sub-RUC,Gateway,NA
314,2501773405,Watertown,,Middlesex,6,4,MAPC,Boston Region,Boston Region: ICC,None (MBTA),Core (14),Adjacent community,Inner Core,IC: Streetcar Suburbs,No,2020-2024 ACS
1,2502300170,Abington,,Plymouth,5,5,OCPC,Old Colony,Old Colony: Higher Population,BAT,Extended,Commuter Rail,Developing Suburbs,DS: Maturing New England Towns,No,NA
2,2501700380,Acton,,Middlesex,3,4,MAPC,Boston Region,Boston Region: MAGIC,LRTA,Extended,Commuter Rail,Maturing Suburbs,MS: Established Suburbs and Cape Cod Towns,No,NA
3,2500500520,Acushnet,,Bristol,5,5,SRPEDD,Southeast Mass,Southeast Mass: Bristol,SRTA,Not MBTA,NA,Developing Suburbs,DS: Maturing New England Towns,No,NA
4,2500300555,Adams,,Berkshire,1,1,BCRPC,Berkshire,Berkshire: North,BRTA,Not MBTA,NA,Developing Suburbs,DS: Maturing New England Towns,No,NA
5,2501300840,Agawam,,Hampden,2,1,PVPC,Pioneer Valley,Pioneer Valley: 2,PVTA,Not MBTA,NA,Developing Suburbs,DS: Maturing New England Towns,No,NA
6,2500300975,Alford,,Berkshire,1,1,BCRPC,Berkshire,Berkshire: Southwest,BRTA,Not MBTA,NA,Rural Towns,Rural Towns,No,NA
7,2500901260,Amesbury,,Essex,4,3,MVPC,Merrimack Valley,Merrimack Valley: 1,MeVa,Extended,Adjacent community,Regional Urban Centers,RUC: Sub-RUC,No,NA
8,2501501370,Amherst,,Hampshire,2,1,PVPC,Pioneer Valley,Pioneer Valley: 3,PVTA,Not MBTA,NA,Regional Urban Centers,RUC: Sub-RUC,No,NA
9,2500901465,Andover,,Essex,4,3,MVPC,Merrimack Valley,Merrimack Valley: 4,MeVa,Extended,Commuter Rail,Developing Suburbs,DS: Maturing New England Towns,No,NA
104,2500701585,Aquinnah,,Dukes,5,5,MVC,Martha's Vineyard,Martha's Vineyard: MV,VTA,Not MBTA,NA,Rural Towns,Rural Towns,No,NA
10,2501701605,Arlington,,Middlesex,4,4,MAPC,Boston Region,Boston Region: ICC,None (MBTA),Core (14),Adjacent community,Inner Core,IC: Streetcar Suburbs,No,NA
11,2502701885,Ashburnham,,Worcester,3,2,MRPC,Montachusett,Montachusett: 2,MART,Extended,Adjacent small town,Developing Suburbs,DS: Country Suburbs,No,NA
12,2501701955,Ashby,,Middlesex,3,2,MRPC,Montachusett,Montachusett: 2,MART,Extended,Adjacent small town,Rural Towns,Rural Towns,No,NA
13,2501102095,Ashfield,,Franklin,1,1,FCPD,Franklin,Franklin: West County,FRTA,Not MBTA,NA,Rural Towns,Rural Towns,No,NA
14,2501702130,Ashland,,Middlesex,3,4,MAPC,Boston Region,Boston Region: MetroWest,MWRTA,Extended,Commuter Rail,Maturing Suburbs,MS: Established Suburbs and Cape Cod Towns,No,NA
15,2502702480,Athol,,Worcester,2,2,MRPC,Montachusett,Montachusett: 1,MART,Not MBTA,NA,Developing Suburbs,DS: Maturing New England Towns,No,NA
20,2500103690,Barnstable,,Barnstable,5,5,CCC,Cape Cod,Cape Cod: Mid Cape,CCRTA,Not MBTA,NA,Maturing Suburbs,MS: Established Suburbs and Cape Cod Towns,Gateway,NA
17,2502702760,Auburn,,Worcester,3,2,CMRPC,Central Mass,Central Mass: Southwest,WRTA,Extended,Adjacent community,Developing Suburbs,DS: Maturing New England Towns,No,NA
18,2502102935,Avon,,Norfolk,5,5,OCPC,Old Colony,Old Colony: Lower Population,BAT,Not MBTA,NA,Maturing Suburbs,MS: Mature Suburban Towns,No,NA
19,2501703005,Ayer,,Middlesex,3,2,MRPC,Montachusett,Montachusett: 3,MART,Extended,Commuter Rail,Developing Suburbs,DS: Maturing New England Towns,No,NA
44,2502309000,Brockton,,Plymouth,5,5,OCPC,Old Colony,Old Colony: Brockton,BAT,Extended,Commuter Rail,Regional Urban Centers,RUC: Major RUC,Gateway,NA
21,2502703740,Barre,,Worcester,2,2,CMRPC,Central Mass,Central Mass: North,WRTA/MART,Not MBTA,NA,Developing Suburbs,DS: Country Suburbs,No,NA
22,2500304545,Becket,,Berkshire,1,1,BCRPC,Berkshire,Berkshire: Southeast,BRTA,Not MBTA,NA,Rural Towns,Rural Towns,No,NA
23,2501704615,Bedford,,Middlesex,4,4,MAPC,Boston Region,Boston Region: MAGIC,None (MBTA),Core (51),Adjacent community,Maturing Suburbs,MS: Established Suburbs and Cape Cod Towns,No,NA
24,2501504825,Belchertown,,Hampshire,2,1,PVPC,Pioneer Valley,Pioneer Valley: 4,PVTA,Not MBTA,NA,Developing Suburbs,DS: Country Suburbs,No,NA
25,2502104930,Bellingham,,Norfolk,3,2,MAPC,Boston Region,Boston Region: SWAP,GATRA,Extended,Adjacent community,Developing Suburbs,DS: Maturing New England Towns,No,NA
26,2501705070,Belmont,,Middlesex,4,4,MAPC,Boston Region,Boston Region: ICC,None (MBTA),Core (14),Commuter Rail,Inner Core,IC: Streetcar Suburbs,No,NA
27,2500505280,Berkley,,Bristol,5,5,SRPEDD,Southeast Mass,Southeast Mass: Bristol,GATRA,Extended,Adjacent small town,Developing Suburbs,DS: Country Suburbs,No,NA
28,2502705490,Berlin,,Worcester,3,2,CMRPC,Central Mass,Central Mass: Northeast,WRTA,Not MBTA,NA,Developing Suburbs,DS: Country Suburbs,No,NA
29,2501105560,Bernardston,,Franklin,2,1,FCPD,Franklin,Franklin: Central County,FRTA,Not MBTA,NA,Rural Towns,Rural Towns,No,NA
30,2500905595,Beverly,,Essex,4,3,MAPC,Boston Region,Boston Region: NSTF,None (MBTA),Core (51),Commuter Rail,Regional Urban Centers,RUC: Sub-RUC,No,NA
31,2501705805,Billerica,,Middlesex,4,3,NMCOG,Northern Middlesex,Northern Middlesex: No Subregion,LRTA,Extended,Commuter Rail,Maturing Suburbs,MS: Established Suburbs and Cape Cod Towns,No,NA
32,2502706015,Blackstone,,Worcester,3,2,CMRPC,Central Mass,Central Mass: Southeast,None,Not MBTA,NA,Developing Suburbs,DS: Maturing New England Towns,No,NA
33,2501306085,Blandford,,Hampden,1,1,PVPC,Pioneer Valley,Pioneer Valley: 5,FRTA,Not MBTA,NA,Rural Towns,Rural Towns,No,NA
34,2502706365,Bolton,,Worcester,3,2,MAPC,Boston Region,Boston Region: MAGIC,MART,Not MBTA,NA,Developing Suburbs,DS: Country Suburbs,No,NA
35,2502507000,Boston,,Suffolk,6,4,MAPC,Boston Region,Boston Region: ICC,None (MBTA),Core (14),Boston,Inner Core,IC: Metro Core Communities,No,NA
36,2500107175,Bourne,,Barnstable,5,5,CCC,Cape Cod,Cape Cod: Upper Cape,CCRTA,Extended (2016),Adjacent small town,Maturing Suburbs,MS: Established Suburbs and Cape Cod Towns,No,NA
37,2501707350,Boxborough,,Middlesex,3,4,MAPC,Boston Region,Boston Region: MAGIC,MART,Extended,Adjacent small town,Developing Suburbs,DS: Country Suburbs,No,NA
38,2500907420,Boxford,,Essex,4,3,MVPC,Merrimack Valley,Merrimack Valley: 3,MeVa,Extended,Adjacent small town,Developing Suburbs,DS: Country Suburbs,No,NA
39,2502707525,Boylston,,Worcester,3,2,CMRPC,Central Mass,Central Mass: Northeast,WRTA,Not MBTA,NA,Developing Suburbs,DS: Country Suburbs,No,NA
40,2502107740,Braintree,,Norfolk,6,4,MAPC,Boston Region,Boston Region: SSC,None (MBTA),Core (51),Rapid Transit,Maturing Suburbs,MS: Mature Suburban Towns,No,NA
41,2500107980,Brewster,,Barnstable,5,5,CCC,Cape Cod,Cape Cod: Lower Cape,CCRTA,Not MBTA,NA,Maturing Suburbs,MS: Established Suburbs and Cape Cod Towns,No,NA
42,2502308130,Bridgewater,,Plymouth,5,5,OCPC,Old Colony,Old Colony: Higher Population,BAT,Extended,Commuter Rail,Developing Suburbs,DS: Maturing New England Towns,No,NA
43,2501308470,Brimfield,,Hampden,2,2,PVPC,Pioneer Valley,Pioneer Valley: 4,WRTA,Not MBTA,NA,Rural Towns,Rural Towns,No,NA
57,2502513205,Chelsea,,Suffolk,6,4,MAPC,Boston Region,Boston Region: ICC,None (MBTA),Core (14),Rapid Transit,Inner Core,IC: Metro Core Communities,Gateway,NA
45,2502709105,Brookfield,,Worcester,3,2,CMRPC,Central Mass,Central Mass: West,WRTA,Not MBTA,NA,Developing Suburbs,DS: Maturing New England Towns,No,NA
46,2502109175,Brookline,,Norfolk,6,4,MAPC,Boston Region,Boston Region: ICC,None (MBTA),Core (14),Rapid Transit,Inner Core,IC: Streetcar Suburbs,No,NA
47,2501109595,Buckland,,Franklin,1,1,FCPD,Franklin,Franklin: West County,FRTA,Not MBTA,NA,Rural Towns,Rural Towns,No,NA
48,2501709840,Burlington,,Middlesex,4,4,MAPC,Boston Region,Boston Region: NSPC,None (MBTA),Core (51),Adjacent community,Maturing Suburbs,MS: Mature Suburban Towns,No,NA
49,2501711000,Cambridge,,Middlesex,6,4,MAPC,Boston Region,Boston Region: ICC,None (MBTA),Core (14),Rapid Transit,Inner Core,IC: Metro Core Communities,No,NA
50,2502111315,Canton,,Norfolk,6,4,MAPC,Boston Region,Boston Region: TRIC,None (MBTA),Core (51),Commuter Rail,Maturing Suburbs,MS: Established Suburbs and Cape Cod Towns,No,NA
51,2501711525,Carlisle,,Middlesex,4,4,MAPC,Boston Region,Boston Region: MAGIC,LRTA,Extended,Adjacent small town,Developing Suburbs,DS: Country Suburbs,No,NA
52,2502311665,Carver,,Plymouth,5,5,SRPEDD,Southeast Mass,Southeast Mass: Plymouth,GATRA,Extended,Adjacent small town,Developing Suburbs,DS: Maturing New England Towns,No,NA
53,2501112505,Charlemont,,Franklin,1,1,FCPD,Franklin,Franklin: West County,FRTA,Not MBTA,NA,Rural Towns,Rural Towns,No,NA
54,2502712715,Charlton,,Worcester,3,2,CMRPC,Central Mass,Central Mass: Southwest,WRTA,Not MBTA,NA,Developing Suburbs,DS: Country Suburbs,No,NA
55,2500112995,Chatham,,Barnstable,5,5,CCC,Cape Cod,Cape Cod: Lower Cape,CCRTA,Not MBTA,NA,Maturing Suburbs,MS: Established Suburbs and Cape Cod Towns,No,NA
56,2501713135,Chelmsford,,Middlesex,4,3,NMCOG,Northern Middlesex,Northern Middlesex: No Subregion,LRTA,Extended,Adjacent community,Maturing Suburbs,MS: Established Suburbs and Cape Cod Towns,No,NA
61,2501313660,Chicopee,,Hampden,2,1,PVPC,Pioneer Valley,Pioneer Valley: 1,PVTA,Not MBTA,NA,Regional Urban Centers,RUC: Sub-RUC,Gateway,NA
58,2500313345,Cheshire,,Berkshire,1,1,BCRPC,Berkshire,Berkshire: North-Central,BRTA,Not MBTA,NA,Developing Suburbs,DS: Maturing New England Towns,No,NA
59,2501313485,Chester,,Hampden,1,1,PVPC,Pioneer Valley,Pioneer Valley: 5,FRTA,Not MBTA,NA,Rural Towns,Rural Towns,No,NA
60,2501513590,Chesterfield,,Hampshire,1,1,PVPC,Pioneer Valley,Pioneer Valley: 5,FRTA,Not MBTA,NA,Rural Towns,Rural Towns,No,NA
93,2501721990,Everett,,Middlesex,4,3,MAPC,Boston Region,Boston Region: ICC,None (MBTA),Core (14),Rapid Transit,Inner Core,IC: Metro Core Communities,Gateway,NA
62,2500713800,Chilmark,,Dukes,5,5,MVC,Martha's Vineyard,Martha's Vineyard: MV,VTA,Not MBTA,NA,Rural Towns,Rural Towns,No,NA
63,2500314010,Clarksburg,,Berkshire,1,1,BCRPC,Berkshire,Berkshire: North,BRTA,Not MBTA,NA,Rural Towns,Rural Towns,No,NA
64,2502714395,Clinton,,Worcester,3,2,MRPC,Montachusett,Montachusett: 4,WRTA,Not MBTA,NA,Regional Urban Centers,RUC: Sub-RUC,No,NA
65,2502114640,Cohasset,,Norfolk,5,4,MAPC,Boston Region,Boston Region: SSC,None (MBTA),Core (51),Commuter Rail,Developing Suburbs,DS: Country Suburbs,No,NA
66,2501114885,Colrain,,Franklin,1,1,FCPD,Franklin,Franklin: West County,FRTA,Not MBTA,NA,Rural Towns,Rural Towns,No,NA
67,2501715060,Concord,,Middlesex,4,4,MAPC,Boston Region,Boston Region: MAGIC,None (MBTA),Core (51),Commuter Rail,Maturing Suburbs,MS: Established Suburbs and Cape Cod Towns,No,NA
68,2501115200,Conway,,Franklin,1,1,FCPD,Franklin,Franklin: Central County,FRTA,Not MBTA,NA,Rural Towns,Rural Towns,No,NA
69,2501516040,Cummington,,Hampshire,1,1,PVPC,Pioneer Valley,Pioneer Valley: 5,FRTA,Not MBTA,NA,Rural Towns,Rural Towns,No,NA
70,2500316180,Dalton,,Berkshire,1,1,BCRPC,Berkshire,Berkshire: North-Central,BRTA,Not MBTA,NA,Developing Suburbs,DS: Maturing New England Towns,No,NA
71,2500916250,Danvers,,Essex,4,3,MAPC,Boston Region,Boston Region: NSTF,None (MBTA),Core (51),Adjacent community,Maturing Suburbs,MS: Mature Suburban Towns,No,NA
72,2500516425,Dartmouth,,Bristol,5,5,SRPEDD,Southeast Mass,Southeast Mass: Bristol,SRTA,Not MBTA,NA,Developing Suburbs,DS: Maturing New England Towns,No,NA
73,2502116495,Dedham,,Norfolk,6,4,MAPC,Boston Region,Boston Region: ICC,None (MBTA),Core (51),Commuter Rail,Maturing Suburbs,MS: Mature Suburban Towns,No,NA
74,2501116670,Deerfield,,Franklin,2,1,FCPD,Franklin,Franklin: Central County,FRTA,Not MBTA,NA,Developing Suburbs,DS: Maturing New England Towns,No,NA
75,2500116775,Dennis,,Barnstable,5,5,CCC,Cape Cod,Cape Cod: Mid Cape,CCRTA,Not MBTA,NA,Maturing Suburbs,MS: Established Suburbs and Cape Cod Towns,No,NA
76,2500516950,Dighton,,Bristol,5,5,SRPEDD,Southeast Mass,Southeast Mass: Bristol,GATRA,Not MBTA,NA,Developing Suburbs,DS: Country Suburbs,No,NA
77,2502717300,Douglas,,Worcester,3,2,CMRPC,Central Mass,Central Mass: Southeast,WRTA,Not MBTA,NA,Developing Suburbs,DS: Country Suburbs,No,NA
78,2502117405,Dover,,Norfolk,6,4,MAPC,Boston Region,Boston Region: TRIC/SWAP,MWRTA,Core (51),Adjacent small town,Developing Suburbs,DS: Country Suburbs,No,NA
79,2501717475,Dracut,,Middlesex,4,3,NMCOG,Northern Middlesex,Northern Middlesex: No Subregion,LRTA,Extended,Adjacent community,Developing Suburbs,DS: Maturing New England Towns,No,NA
80,2502717685,Dudley,,Worcester,3,2,CMRPC,Central Mass,Central Mass: Southwest,WRTA,Not MBTA,NA,Developing Suburbs,DS: Maturing New England Towns,No,NA
81,2501717825,Dunstable,,Middlesex,3,2,NMCOG,Northern Middlesex,Northern Middlesex: No Subregion,LRTA,Not MBTA,NA,Developing Suburbs,DS: Country Suburbs,No,NA
82,2502317895,Duxbury,,Plymouth,5,5,MAPC/OCPC,Old Colony,Old Colony: Higher Population,GATRA,Extended,Adjacent community,Maturing Suburbs,MS: Established Suburbs and Cape Cod Towns,No,NA
83,2502318455,East Bridgewater,,Plymouth,5,5,OCPC,Old Colony,Old Colony: Lower Population,BAT,Extended,Adjacent community,Developing Suburbs,DS: Maturing New England Towns,No,NA
84,2502718560,East Brookfield,,Worcester,3,2,CMRPC,Central Mass,Central Mass: West,WRTA,Not MBTA,NA,Developing Suburbs,DS: Maturing New England Towns,No,NA
85,2501319645,East Longmeadow,,Hampden,2,1,PVPC,Pioneer Valley,Pioneer Valley: 4,PVTA,Not MBTA,NA,Developing Suburbs,DS: Maturing New England Towns,No,NA
86,2500119295,Eastham,,Barnstable,5,5,CCC,Cape Cod,Cape Cod: Outer Cape,CCRTA,Not MBTA,NA,Maturing Suburbs,MS: Established Suburbs and Cape Cod Towns,No,NA
87,2501519370,Easthampton,,Hampshire,2,1,PVPC,Pioneer Valley,Pioneer Valley: 3,PVTA,Not MBTA,NA,Regional Urban Centers,RUC: Sub-RUC,No,NA
88,2500520100,Easton,,Bristol,5,5,OCPC,Old Colony,Old Colony: Higher Population,BAT,Extended,Adjacent community,Developing Suburbs,DS: Maturing New England Towns,No,NA
89,2500721150,Edgartown,,Dukes,5,5,MVC,Martha's Vineyard,Martha's Vineyard: MV,VTA,Not MBTA,NA,Developing Suburbs,DS: Maturing New England Towns,No,NA
90,2500321360,Egremont,,Berkshire,1,1,BCRPC,Berkshire,Berkshire: Southwest,BRTA,Not MBTA,NA,Rural Towns,Rural Towns,No,NA
91,2501121780,Erving,,Franklin,2,1,FCPD,Franklin,Franklin: East County,FRTA,Not MBTA,NA,Rural Towns,Rural Towns,No,NA
92,2500921850,Essex,,Essex,4,3,MAPC,Boston Region,Boston Region: NSTF,CATA,Extended,Adjacent small town,Developing Suburbs,DS: Maturing New England Towns,No,NA
95,2500523000,Fall River,,Bristol,5,5,SRPEDD,Southeast Mass,Southeast Mass: Fall River,SRTA,Extended (2022),Commuter Rail,Regional Urban Centers,RUC: Major RUC,Gateway,NA
94,2500522130,Fairhaven,,Bristol,5,5,SRPEDD,Southeast Mass,Southeast Mass: Bristol,SRTA,Not MBTA,NA,Developing Suburbs,DS: Maturing New England Towns,No,NA
97,2502723875,Fitchburg,,Worcester,3,2,MRPC,Montachusett,Montachusett: Fitchburg,MART,Extended,Commuter Rail,Regional Urban Centers,RUC: Sub-RUC,Gateway,NA
96,2500123105,Falmouth,,Barnstable,5,5,CCC,Cape Cod,Cape Cod: Upper Cape,CCRTA,Not MBTA,NA,Maturing Suburbs,MS: Established Suburbs and Cape Cod Towns,No,NA
128,2500929405,Haverhill,,Essex,4,3,MVPC,Merrimack Valley,Merrimack Valley: Haverhill,MeVa,Extended,Commuter Rail,Regional Urban Centers,RUC: Sub-RUC,Gateway,NA
98,2500324120,Florida,,Berkshire,1,1,BCRPC,Berkshire,Berkshire: North,BRTA,Not MBTA,NA,Rural Towns,Rural Towns,No,NA
99,2502124820,Foxborough,,Norfolk,5,5,MAPC,Boston Region,Boston Region: TRIC,GATRA,Extended,Adjacent community,Developing Suburbs,DS: Maturing New England Towns,No,NA
100,2501724960,Framingham,,Middlesex,3,4,MAPC,Boston Region,Boston Region: MetroWest,MWRTA,Core (51),Commuter Rail,Regional Urban Centers,RUC: Sub-RUC,No,NA
101,2502125172,Franklin,,Norfolk,3,2,MAPC,Boston Region,Boston Region: SWAP,GATRA,Extended,Commuter Rail,Developing Suburbs,DS: Maturing New England Towns,No,NA
102,2500525240,Freetown,,Bristol,5,5,SRPEDD,Southeast Mass,Southeast Mass: Bristol,SRTA,Extended,Commuter Rail,Developing Suburbs,DS: Country Suburbs,No,NA
103,2502725485,Gardner,,Worcester,3,2,MRPC,Montachusett,Montachusett: Gardner,MART,Not MBTA,NA,Regional Urban Centers,RUC: Sub-RUC,No,NA
105,2500925625,Georgetown,,Essex,4,3,MVPC,Merrimack Valley,Merrimack Valley: 3,MeVa,Extended,Adjacent community,Developing Suburbs,DS: Country Suburbs,No,NA
106,2501125730,Gill,,Franklin,2,1,FCPD,Franklin,Franklin: Central County,FRTA,Not MBTA,NA,Rural Towns,Rural Towns,No,NA
107,2500926150,Gloucester,,Essex,4,3,MAPC,Boston Region,Boston Region: NSTF,CATA,Extended,Commuter Rail,Regional Urban Centers,RUC: Sub-RUC,No,NA
108,2501526290,Goshen,,Hampshire,1,1,PVPC,Pioneer Valley,Pioneer Valley: 5,FRTA,Not MBTA,NA,Rural Towns,Rural Towns,No,NA
109,2500726325,Gosnold,,Dukes,5,5,MVC,Martha's Vineyard,Martha's Vineyard: EI,None,Not MBTA,NA,Rural Towns,Rural Towns,No,NA
110,2502726430,Grafton,,Worcester,3,2,CMRPC,Central Mass,Central Mass: Southeast,WRTA,Extended,Adjacent community,Developing Suburbs,DS: Maturing New England Towns,No,NA
111,2501526535,Granby,,Hampshire,2,1,PVPC,Pioneer Valley,Pioneer Valley: 4,PVTA,Not MBTA,NA,Developing Suburbs,DS: Country Suburbs,No,NA
112,2501326675,Granville,,Hampden,1,1,PVPC,Pioneer Valley,Pioneer Valley: 5,FRTA,Not MBTA,NA,Rural Towns,Rural Towns,No,NA
113,2500326815,Great Barrington,,Berkshire,1,1,BCRPC,Berkshire,Berkshire: Southwest,BRTA,Not MBTA,NA,Developing Suburbs,DS: Maturing New England Towns,No,NA
114,2501127060,Greenfield,,Franklin,2,1,FCPD,Franklin,Franklin: Greenfield,FRTA,Not MBTA,NA,Developing Suburbs,DS: Maturing New England Towns,No,NA
115,2501727480,Groton,,Middlesex,3,2,MRPC,Montachusett,Montachusett: 2,LRTA,Extended,Adjacent small town,Developing Suburbs,DS: Country Suburbs,No,NA
116,2500927620,Groveland,,Essex,4,3,MVPC,Merrimack Valley,Merrimack Valley: 3,MeVa,Extended,Adjacent small town,Maturing Suburbs,MS: Established Suburbs and Cape Cod Towns,No,NA
117,2501527690,Hadley,,Hampshire,2,1,PVPC,Pioneer Valley,Pioneer Valley: 3,PVTA,Not MBTA,NA,Developing Suburbs,DS: Maturing New England Towns,No,NA
118,2502327795,Halifax,,Plymouth,5,5,OCPC,Old Colony,Old Colony: Lower Population,GATRA,Extended,Commuter Rail,Developing Suburbs,DS: Maturing New England Towns,No,NA
119,2500927900,Hamilton,,Essex,4,3,MAPC,Boston Region,Boston Region: NSTF,CATA,Core (51),Commuter Rail,Developing Suburbs,DS: Maturing New England Towns,No,NA
120,2501328075,Hampden,,Hampden,2,1,PVPC,Pioneer Valley,Pioneer Valley: 4,PVTA,Not MBTA,NA,Developing Suburbs,DS: Country Suburbs,No,NA
121,2500328180,Hancock,,Berkshire,1,1,BCRPC,Berkshire,Berkshire: North-Central,BRTA,Not MBTA,NA,Rural Towns,Rural Towns,No,NA
122,2502328285,Hanover,,Plymouth,5,4,MAPC/OCPC,Old Colony,Old Colony: Lower Population,GATRA,Extended,Adjacent community,Developing Suburbs,DS: Maturing New England Towns,No,NA
123,2502328495,Hanson,,Plymouth,5,5,OCPC,Old Colony,Old Colony: Lower Population,BAT,Extended,Commuter Rail,Developing Suburbs,DS: Maturing New England Towns,No,NA
124,2502728740,Hardwick,,Worcester,2,2,CMRPC,Central Mass,Central Mass: West,MART,Not MBTA,NA,Rural Towns,Rural Towns,No,NA
125,2502728950,Harvard,,Worcester,3,2,MRPC,Montachusett,Montachusett: 3,MART,Extended,Adjacent small town,Developing Suburbs,DS: Country Suburbs,No,NA
126,2500129020,Harwich,,Barnstable,5,5,CCC,Cape Cod,Cape Cod: Lower Cape,CCRTA,Not MBTA,NA,Developing Suburbs,DS: Maturing New England Towns,No,NA
127,2501529265,Hatfield,,Hampshire,2,1,PVPC,Pioneer Valley,Pioneer Valley: 5,FRTA,Not MBTA,NA,Developing Suburbs,DS: Country Suburbs,No,NA
137,2501330840,Holyoke,,Hampden,2,1,PVPC,Pioneer Valley,Pioneer Valley: 1,PVTA,Not MBTA,NA,Regional Urban Centers,RUC: Sub-RUC,Gateway,NA
129,2501129475,Hawley,,Franklin,1,1,FCPD,Franklin,Franklin: West County,FRTA,Not MBTA,NA,Rural Towns,Rural Towns,No,NA
130,2501129650,Heath,,Franklin,1,1,FCPD,Franklin,Franklin: West County,FRTA,Not MBTA,NA,Rural Towns,Rural Towns,No,NA
131,2502330210,Hingham,,Plymouth,5,4,MAPC,Boston Region,Boston Region: SSC,None (MBTA),Core (51),Commuter Rail,Maturing Suburbs,MS: Established Suburbs and Cape Cod Towns,No,NA
132,2500330315,Hinsdale,,Berkshire,1,1,BCRPC,Berkshire,Berkshire: North-Central,BRTA,Not MBTA,NA,Rural Towns,Rural Towns,No,NA
133,2502130455,Holbrook,,Norfolk,5,5,MAPC,Boston Region,Boston Region: SSC,None (MBTA),Core (51),Commuter Rail,Maturing Suburbs,MS: Mature Suburban Towns,No,NA
134,2502730560,Holden,,Worcester,3,2,CMRPC,Central Mass,Central Mass: North,WRTA,Extended,Adjacent community,Developing Suburbs,DS: Maturing New England Towns,No,NA
135,2501330665,Holland,,Hampden,2,2,PVPC,Pioneer Valley,Pioneer Valley: 4,WRTA,Not MBTA,NA,Developing Suburbs,DS: Maturing New England Towns,No,NA
136,2501730700,Holliston,,Middlesex,3,4,MAPC,Boston Region,Boston Region: MetroWest,MWRTA,Extended,Adjacent community,Developing Suburbs,DS: Maturing New England Towns,No,NA
149,2500934550,Lawrence,,Essex,4,3,MVPC,Merrimack Valley,Merrimack Valley: Lawrence,MeVa,Extended,Commuter Rail,Regional Urban Centers,RUC: Major RUC,Gateway,NA
138,2502730945,Hopedale,,Worcester,3,2,CMRPC,Central Mass,Central Mass: Southeast,MWRTA,Not MBTA,NA,Developing Suburbs,DS: Maturing New England Towns,No,NA
139,2501731085,Hopkinton,,Middlesex,3,4,MAPC,Boston Region,Boston Region: SWAP,MWRTA,Extended,Adjacent community,Developing Suburbs,DS: Country Suburbs,No,NA
140,2502731435,Hubbardston,,Worcester,3,2,MRPC,Montachusett,Montachusett: 1,MART,Not MBTA,NA,Rural Towns,Rural Towns,No,NA
141,2501731540,Hudson,,Middlesex,3,4,MAPC,Boston Region,Boston Region: MAGIC,MWRTA,Not MBTA,NA,Developing Suburbs,DS: Maturing New England Towns,No,NA
142,2502331645,Hull,,Plymouth,5,4,MAPC,Boston Region,Boston Region: SSC,None (MBTA),Core (51),Adjacent community,Maturing Suburbs,MS: Mature Suburban Towns,No,NA
143,2501531785,Huntington,,Hampshire,1,1,PVPC,Pioneer Valley,Pioneer Valley: 5,FRTA,Not MBTA,NA,Rural Towns,Rural Towns,No,NA
144,2500932310,Ipswich,,Essex,4,3,MAPC,Boston Region,Boston Region: NSTF,CATA,Extended,Commuter Rail,Developing Suburbs,DS: Maturing New England Towns,No,NA
145,2502333220,Kingston,,Plymouth,5,5,OCPC,Old Colony,Old Colony: Lower Population,GATRA,Extended,Commuter Rail,Developing Suburbs,DS: Maturing New England Towns,No,NA
146,2502333920,Lakeville,,Plymouth,5,5,SRPEDD,Southeast Mass,Southeast Mass: Plymouth,GATRA,Extended,Adjacent small town,Developing Suburbs,DS: Maturing New England Towns,No,NA
147,2502734165,Lancaster,,Worcester,3,2,MRPC,Montachusett,Montachusett: 4,MART,Extended,Adjacent small town,Developing Suburbs,DS: Maturing New England Towns,No,NA
148,2500334340,Lanesborough,,Berkshire,1,1,BCRPC,Berkshire,Berkshire: North-Central,BRTA,Not MBTA,NA,Rural Towns,Rural Towns,No,NA
153,2502735075,Leominster,,Worcester,3,2,MRPC,Montachusett,Montachusett: Leominster,MART,Extended,Commuter Rail,Regional Urban Centers,RUC: Sub-RUC,Gateway,NA
150,2500334655,Lee,,Berkshire,1,1,BCRPC,Berkshire,Berkshire: Southeast,BRTA,Not MBTA,NA,Developing Suburbs,DS: Maturing New England Towns,No,NA
151,2502734795,Leicester,,Worcester,3,2,CMRPC,Central Mass,Central Mass: West,WRTA,Extended,Adjacent small town,Developing Suburbs,DS: Maturing New England Towns,No,NA
152,2500334970,Lenox,,Berkshire,1,1,BCRPC,Berkshire,Berkshire: Southeast,BRTA,Not MBTA,NA,Developing Suburbs,DS: Maturing New England Towns,No,NA
160,2501737000,Lowell,,Middlesex,4,3,NMCOG,Northern Middlesex,Northern Middlesex: No Subregion,LRTA,Extended,Commuter Rail,Regional Urban Centers,RUC: Major RUC,Gateway,NA
154,2501135180,Leverett,,Franklin,2,1,FCPD,Franklin,Franklin: East County,PVTA,Not MBTA,NA,Rural Towns,Rural Towns,No,NA
155,2501735215,Lexington,,Middlesex,4,4,MAPC,Boston Region,Boston Region: MAGIC,None (MBTA),Core (51),Adjacent community,Maturing Suburbs,MS: Established Suburbs and Cape Cod Towns,No,NA
156,2501135285,Leyden,,Franklin,2,1,FCPD,Franklin,Franklin: Central County,FRTA,Not MBTA,NA,Rural Towns,Rural Towns,No,NA
157,2501735425,Lincoln,,Middlesex,4,4,MAPC,Boston Region,Boston Region: MAGIC,None (MBTA),Core (51),Commuter Rail,Maturing Suburbs,MS: Established Suburbs and Cape Cod Towns,No,NA
158,2501735950,Littleton,,Middlesex,3,4,MAPC,Boston Region,Boston Region: MAGIC,MART,Extended,Commuter Rail,Developing Suburbs,DS: Maturing New England Towns,No,NA
159,2501336300,Longmeadow,,Hampden,2,1,PVPC,Pioneer Valley,Pioneer Valley: 4,PVTA,Not MBTA,NA,Maturing Suburbs,MS: Mature Suburban Towns,No,NA
163,2500937490,Lynn,,Essex,4,3,MAPC,Boston Region,Boston Region: ICC,None (MBTA),Core (51),Commuter Rail,Regional Urban Centers,RUC: Sub-RUC,Gateway,NA
161,2501337175,Ludlow,,Hampden,2,1,PVPC,Pioneer Valley,Pioneer Valley: 4,PVTA,Not MBTA,NA,Developing Suburbs,DS: Maturing New England Towns,No,NA
162,2502737420,Lunenburg,,Worcester,3,2,MRPC,Montachusett,Montachusett: 3,MART,Extended,Adjacent small town,Developing Suburbs,DS: Country Suburbs,No,NA
165,2501737875,Malden,,Middlesex,4,3,MAPC,Boston Region,Boston Region: ICC,None (MBTA),Core (14),Rapid Transit,Inner Core,IC: Metro Core Communities,Gateway,NA
164,2500937560,Lynnfield,,Essex,4,3,MAPC,Boston Region,Boston Region: NSPC,None (MBTA),Core (51),Adjacent community,Maturing Suburbs,MS: Established Suburbs and Cape Cod Towns,No,NA
181,2500940675,Methuen,,Essex,4,3,MVPC,Merrimack Valley,Merrimack Valley: 4,MeVa,Extended,Adjacent community,Regional Urban Centers,RUC: Sub-RUC,Gateway,2020-2024 ACS
166,2500937995,Manchester-by-the-Sea,,Essex,4,3,MAPC,Boston Region,Boston Region: NSTF,CATA,Core (51),Commuter Rail,Developing Suburbs,DS: Maturing New England Towns,No,NA
167,2500538225,Mansfield,,Bristol,5,5,SRPEDD,Southeast Mass,Southeast Mass: Bristol,GATRA,Extended,Commuter Rail,Maturing Suburbs,MS: Established Suburbs and Cape Cod Towns,No,NA
168,2500938400,Marblehead,,Essex,4,3,MAPC,Boston Region,Boston Region: NSTF,None (MBTA),Core (51),Adjacent community,Maturing Suburbs,MS: Mature Suburban Towns,No,NA
169,2502338540,Marion,,Plymouth,5,5,SRPEDD,Southeast Mass,Southeast Mass: Plymouth,None,Not MBTA,NA,Developing Suburbs,DS: Maturing New England Towns,No,NA
170,2501738715,Marlborough,,Middlesex,3,4,MAPC,Boston Region,Boston Region: MetroWest,MWRTA,Extended,Adjacent community,Regional Urban Centers,RUC: Sub-RUC,No,NA
171,2502338855,Marshfield,,Plymouth,5,5,MAPC,Boston Region,Boston Region: SSC,GATRA,Extended,Adjacent community,Maturing Suburbs,MS: Established Suburbs and Cape Cod Towns,No,NA
172,2500139100,Mashpee,,Barnstable,5,5,CCC,Cape Cod,Cape Cod: Upper Cape,CCRTA,Not MBTA,NA,Maturing Suburbs,MS: Established Suburbs and Cape Cod Towns,No,NA
173,2502339450,Mattapoisett,,Plymouth,5,5,SRPEDD,Southeast Mass,Southeast Mass: Plymouth,SRTA,Not MBTA,NA,Developing Suburbs,DS: Maturing New England Towns,No,NA
174,2501739625,Maynard,,Middlesex,3,4,MAPC,Boston Region,Boston Region: MAGIC,LRTA,Extended,Adjacent community,Maturing Suburbs,MS: Mature Suburban Towns,No,NA
175,2502139765,Medfield,,Norfolk,3,4,MAPC,Boston Region,Boston Region: TRIC,None (MBTA),Core (51),Adjacent community,Maturing Suburbs,MS: Established Suburbs and Cape Cod Towns,No,NA
176,2501739835,Medford,,Middlesex,4,3,MAPC,Boston Region,Boston Region: ICC,None (MBTA),Core (14),Rapid Transit,Inner Core,IC: Streetcar Suburbs,No,NA
177,2502139975,Medway,,Norfolk,3,2,MAPC,Boston Region,Boston Region: SWAP,GATRA,Extended,Adjacent community,Developing Suburbs,DS: Maturing New England Towns,No,NA
178,2501740115,Melrose,,Middlesex,4,3,MAPC,Boston Region,Boston Region: ICC,None (MBTA),Core (51),Commuter Rail,Inner Core,IC: Streetcar Suburbs,No,NA
179,2502740255,Mendon,,Worcester,3,2,CMRPC,Central Mass,Central Mass: Southeast,None,Not MBTA,NA,Developing Suburbs,DS: Country Suburbs,No,NA
180,2500940430,Merrimac,,Essex,4,3,MVPC,Merrimack Valley,Merrimack Valley: 3,MeVa,Extended,Adjacent small town,Developing Suburbs,DS: Maturing New England Towns,No,NA
181,2500940710,Methuen,,Essex,4,3,MVPC,Merrimack Valley,Merrimack Valley: 4,MeVa,Extended,Adjacent community,Regional Urban Centers,RUC: Sub-RUC,Gateway,NA
182,2502340850,Middleborough,,Plymouth,5,5,SRPEDD,Southeast Mass,Southeast Mass: Plymouth,GATRA,Extended,Commuter Rail,Developing Suburbs,DS: Country Suburbs,No,NA
183,2501540990,Middlefield,,Hampshire,1,1,PVPC,Pioneer Valley,Pioneer Valley: 5,FRTA,Not MBTA,NA,Rural Towns,Rural Towns,No,NA
184,2500941095,Middleton,,Essex,4,3,MAPC,Boston Region,Boston Region: NSTF,None (MBTA),Core (51),Adjacent community,Developing Suburbs,DS: Maturing New England Towns,No,NA
185,2502741165,Milford,,Worcester,3,2,MAPC,Boston Region,Boston Region: SWAP,MWRTA,Not MBTA,NA,Regional Urban Centers,RUC: Sub-RUC,No,NA
186,2502741340,Millbury,,Worcester,3,2,CMRPC,Central Mass,Central Mass: Southeast,WRTA,Extended,Adjacent community,Developing Suburbs,DS: Maturing New England Towns,No,NA
187,2502141515,Millis,,Norfolk,3,4,MAPC,Boston Region,Boston Region: SWAP,None (MBTA),Extended,Adjacent community,Developing Suburbs,DS: Maturing New England Towns,No,NA
188,2502741585,Millville,,Worcester,3,2,CMRPC,Central Mass,Central Mass: Southeast,None,Not MBTA,NA,Developing Suburbs,DS: Country Suburbs,No,NA
189,2502141690,Milton,,Norfolk,6,4,MAPC,Boston Region,Boston Region: ICC/TRIC,None (MBTA),Core (14),Rapid Transit,Maturing Suburbs,MS: Established Suburbs and Cape Cod Towns,No,NA
190,2501142040,Monroe,,Franklin,1,1,FCPD,Franklin,Franklin: West County,None,Not MBTA,NA,Rural Towns,Rural Towns,No,NA
191,2501342145,Monson,,Hampden,2,1,PVPC,Pioneer Valley,Pioneer Valley: 4,None,Not MBTA,NA,Developing Suburbs,DS: Country Suburbs,No,NA
192,2501142285,Montague,,Franklin,2,1,FCPD,Franklin,Franklin: Central County,FRTA,Not MBTA,NA,Developing Suburbs,DS: Maturing New England Towns,No,NA
193,2500342460,Monterey,,Berkshire,1,1,BCRPC,Berkshire,Berkshire: Southeast,BRTA,Not MBTA,NA,Rural Towns,Rural Towns,No,NA
194,2501342530,Montgomery,,Hampden,1,1,PVPC,Pioneer Valley,Pioneer Valley: 5,FRTA,Not MBTA,NA,Rural Towns,Rural Towns,No,NA
195,2500343300,Mount Washington,,Berkshire,1,1,BCRPC,Berkshire,Berkshire: Southwest,BRTA,Not MBTA,NA,Rural Towns,Rural Towns,No,NA
196,2500943580,Nahant,,Essex,4,3,MAPC,Boston Region,Boston Region: NSTF,None (MBTA),Core (51),Adjacent small town,Maturing Suburbs,MS: Mature Suburban Towns,No,NA
197,2501943790,Nantucket,,Nantucket,5,5,NPEDC,Nantucket,Nantucket: Nantucket,NRTA,Not MBTA,NA,Developing Suburbs,DS: Maturing New England Towns,No,NA
198,2501743895,Natick,,Middlesex,3,4,MAPC,Boston Region,Boston Region: MetroWest,MWRTA,Core (51),Commuter Rail,Maturing Suburbs,MS: Mature Suburban Towns,No,NA
199,2502144105,Needham,,Norfolk,6,4,MAPC,Boston Region,Boston Region: ICC/TRIC,None (MBTA),Core (51),Commuter Rail,Maturing Suburbs,MS: Mature Suburban Towns,No,NA
200,2500344385,New Ashford,,Berkshire,1,1,BCRPC,Berkshire,Berkshire: North,BRTA,Not MBTA,NA,Rural Towns,Rural Towns,No,NA
201,2500545000,New Bedford,,Bristol,5,5,SRPEDD,Southeast Mass,Southeast Mass: New Bedford,SRTA,Extended (2022),Commuter Rail,Regional Urban Centers,RUC: Major RUC,Gateway,NA
202,2502745105,New Braintree,,Worcester,2,2,CMRPC,Central Mass,Central Mass: West,WRTA,Not MBTA,NA,Rural Towns,Rural Towns,No,NA
203,2500345420,New Marlborough,,Berkshire,1,1,BCRPC,Berkshire,Berkshire: Southeast,BRTA,Not MBTA,NA,Rural Towns,Rural Towns,No,NA
204,2501145490,New Salem,,Franklin,2,2,FCPD,Franklin,Franklin: East County,FRTA,Not MBTA,NA,Rural Towns,Rural Towns,No,NA
205,2500945175,Newbury,,Essex,4,3,MVPC,Merrimack Valley,Merrimack Valley: 2,MeVa,Extended,Adjacent small town,Developing Suburbs,DS: Country Suburbs,No,NA
206,2500945245,Newburyport,,Essex,4,3,MVPC,Merrimack Valley,Merrimack Valley: 1,MeVa,Extended,Commuter Rail,Regional Urban Centers,RUC: Sub-RUC,No,NA
207,2501745560,Newton,,Middlesex,6,4,MAPC,Boston Region,Boston Region: ICC,None (MBTA),Core (14),Rapid Transit,Inner Core,IC: Streetcar Suburbs,No,NA
208,2502146050,Norfolk,,Norfolk,5,4,MAPC,Boston Region,Boston Region: SWAP,GATRA,Core (51),Commuter Rail,Developing Suburbs,DS: Maturing New England Towns,No,NA
209,2500346225,North Adams,,Berkshire,1,1,BCRPC,Berkshire,Berkshire: North Adams,BRTA,Not MBTA,NA,Regional Urban Centers,RUC: Sub-RUC,No,NA
210,2500946365,North Andover,,Essex,4,3,MVPC,Merrimack Valley,Merrimack Valley: 4,MeVa,Extended,Adjacent community,Developing Suburbs,DS: Maturing New England Towns,No,NA
211,2500546598,North Attleborough,,Bristol,5,5,SRPEDD,Southeast Mass,Southeast Mass: Bristol,GATRA,Extended,Adjacent community,Developing Suburbs,DS: Maturing New England Towns,No,NA
212,2502747135,North Brookfield,,Worcester,3,2,CMRPC,Central Mass,Central Mass: West,WRTA,Not MBTA,NA,Developing Suburbs,DS: Maturing New England Towns,No,NA
213,2501748955,North Reading,,Middlesex,4,3,MAPC,Boston Region,Boston Region: NSPC,MeVa,Extended,Adjacent community,Maturing Suburbs,MS: Established Suburbs and Cape Cod Towns,No,NA
214,2501546330,Northampton,,Hampshire,2,1,PVPC,Pioneer Valley,Pioneer Valley: 3,PVTA,Not MBTA,NA,Regional Urban Centers,RUC: Sub-RUC,No,NA
215,2502746820,Northborough,,Worcester,3,2,CMRPC,Central Mass,Central Mass: Northeast,WRTA,Extended,Adjacent community,Developing Suburbs,DS: Maturing New England Towns,No,NA
216,2502746925,Northbridge,,Worcester,3,2,CMRPC,Central Mass,Central Mass: Southeast,WRTA,Extended,Adjacent community,Developing Suburbs,DS: Maturing New England Towns,No,NA
217,2501147835,Northfield,,Franklin,2,1,FCPD,Franklin,Franklin: East County,FRTA,Not MBTA,NA,Rural Towns,Rural Towns,No,NA
218,2500549970,Norton,,Bristol,5,5,SRPEDD,Southeast Mass,Southeast Mass: Bristol,GATRA,Extended,Adjacent community,Developing Suburbs,DS: Maturing New England Towns,No,NA
219,2502350145,Norwell,,Plymouth,5,4,MAPC,Boston Region,Boston Region: SSC,None (MBTA),Extended,Adjacent community,Developing Suburbs,DS: Country Suburbs,No,NA
220,2502150250,Norwood,,Norfolk,5,4,MAPC,Boston Region,Boston Region: TRIC,None (MBTA),Core (51),Commuter Rail,Regional Urban Centers,RUC: Sub-RUC,No,NA
221,2500750390,Oak Bluffs,,Dukes,5,5,MVC,Martha's Vineyard,Martha's Vineyard: MV,VTA,Not MBTA,NA,Developing Suburbs,DS: Maturing New England Towns,No,NA
222,2502750670,Oakham,,Worcester,3,2,CMRPC,Central Mass,Central Mass: North,WRTA,Not MBTA,NA,Rural Towns,Rural Towns,No,NA
223,2501151265,Orange,,Franklin,2,2,FCPD,Franklin,Franklin: East County,FRTA,Not MBTA,NA,Developing Suburbs,DS: Maturing New England Towns,No,NA
224,2500151440,Orleans,,Barnstable,5,5,CCC,Cape Cod,Cape Cod: Lower Cape,CCRTA,Not MBTA,NA,Maturing Suburbs,MS: Established Suburbs and Cape Cod Towns,No,NA
225,2500351580,Otis,,Berkshire,1,1,BCRPC,Berkshire,Berkshire: Southeast,BRTA,Not MBTA,NA,Rural Towns,Rural Towns,No,NA
226,2502751825,Oxford,,Worcester,3,2,CMRPC,Central Mass,Central Mass: Southwest,WRTA,Not MBTA,NA,Developing Suburbs,DS: Maturing New England Towns,No,NA
227,2501352144,Palmer,,Hampden,2,1,PVPC,Pioneer Valley,Pioneer Valley: 4,PVTA,Not MBTA,NA,Developing Suburbs,DS: Maturing New England Towns,No,NA
228,2502752420,Paxton,,Worcester,3,2,CMRPC,Central Mass,Central Mass: North,WRTA,Extended,Adjacent small town,Developing Suburbs,DS: Country Suburbs,No,NA
229,2500952490,Peabody,,Essex,4,3,MAPC,Boston Region,Boston Region: NSTF,None (MBTA),Core (51),Adjacent community,Regional Urban Centers,RUC: Sub-RUC,Gateway,NA
230,2501552560,Pelham,,Hampshire,2,1,PVPC,Pioneer Valley,Pioneer Valley: 4,PVTA,Not MBTA,NA,Rural Towns,Rural Towns,No,NA
231,2502352630,Pembroke,,Plymouth,5,5,MAPC/OCPC,Old Colony,Old Colony: Higher Population,GATRA,Extended,Adjacent community,Maturing Suburbs,MS: Established Suburbs and Cape Cod Towns,No,NA
232,2501752805,Pepperell,,Middlesex,3,2,NMCOG,Northern Middlesex,Northern Middlesex: No Subregion,LRTA,Not MBTA,NA,Developing Suburbs,DS: Country Suburbs,No,NA
233,2500353050,Peru,,Berkshire,1,1,BCRPC,Berkshire,Berkshire: North-Central,BRTA,Not MBTA,NA,Rural Towns,Rural Towns,No,NA
234,2502753120,Petersham,,Worcester,2,2,MRPC,Montachusett,Montachusett: 1,FRTA,Not MBTA,NA,Rural Towns,Rural Towns,No,NA
235,2502753225,Phillipston,,Worcester,2,2,MRPC,Montachusett,Montachusett: 1,FRTA/MART,Not MBTA,NA,Rural Towns,Rural Towns,No,NA
236,2500353960,Pittsfield,,Berkshire,1,1,BCRPC,Berkshire,Berkshire: Pittsfield,BRTA,Not MBTA,NA,Regional Urban Centers,RUC: Sub-RUC,Gateway,NA
237,2501554030,Plainfield,,Hampshire,1,1,PVPC,Pioneer Valley,Pioneer Valley: 5,FRTA,Not MBTA,NA,Rural Towns,Rural Towns,No,NA
238,2502154100,Plainville,,Norfolk,5,5,SRPEDD,Southeast Mass,Southeast Mass: Norfolk,GATRA,Not MBTA,NA,Developing Suburbs,DS: Maturing New England Towns,No,NA
239,2502354310,Plymouth,,Plymouth,5,5,OCPC,Old Colony,Old Colony: Plymouth,GATRA,Extended,Adjacent community,Developing Suburbs,DS: Maturing New England Towns,No,NA
240,2502354415,Plympton,,Plymouth,5,5,OCPC,Old Colony,Old Colony: Lower Population,GATRA,Extended,Adjacent small town,Developing Suburbs,DS: Country Suburbs,No,NA
241,2502755395,Princeton,,Worcester,3,2,CMRPC,Central Mass,Central Mass: North,WRTA,Extended,Adjacent small town,Rural Towns,Rural Towns,No,NA
242,2500155500,Provincetown,,Barnstable,5,5,CCC,Cape Cod,Cape Cod: Outer Cape,CCRTA,Not MBTA,NA,Regional Urban Centers,RUC: Sub-RUC,No,NA
243,2502155745,Quincy,,Norfolk,6,4,MAPC,Boston Region,Boston Region: ICC,None (MBTA),Core (51),Rapid Transit,Regional Urban Centers,RUC: Sub-RUC,Gateway,NA
244,2502156000,Randolph,,Norfolk,6,5,MAPC,Boston Region,Boston Region: TRIC,None (MBTA),Core (51),Commuter Rail,Maturing Suburbs,MS: Mature Suburban Towns,No,NA
245,2500556060,Raynham,,Bristol,5,5,SRPEDD,Southeast Mass,Southeast Mass: Bristol,GATRA,Extended,Adjacent community,Developing Suburbs,DS: Maturing New England Towns,No,NA
246,2501756130,Reading,,Middlesex,4,3,MAPC,Boston Region,Boston Region: NSPC,None (MBTA),Core (51),Commuter Rail,Maturing Suburbs,MS: Mature Suburban Towns,No,NA
247,2500556375,Rehoboth,,Bristol,5,5,SRPEDD,Southeast Mass,Southeast Mass: Bristol,GATRA,Extended,Adjacent small town,Developing Suburbs,DS: Country Suburbs,No,NA
248,2502556585,Revere,,Suffolk,4,4,MAPC,Boston Region,Boston Region: ICC,None (MBTA),Core (14),Rapid Transit,Inner Core,IC: Metro Core Communities,Gateway,NA
249,2500356795,Richmond,,Berkshire,1,1,BCRPC,Berkshire,Berkshire: Southwest,BRTA,Not MBTA,NA,Rural Towns,Rural Towns,No,NA
250,2502357600,Rochester,,Plymouth,5,5,SRPEDD,Southeast Mass,Southeast Mass: Plymouth,None (MBTA),Extended,Adjacent small town,Developing Suburbs,DS: Country Suburbs,No,NA
251,2502357775,Rockland,,Plymouth,5,5,MAPC,Boston Region,Boston Region: SSC,BAT,Extended,Adjacent community,Developing Suburbs,DS: Maturing New England Towns,No,NA
252,2500957880,Rockport,,Essex,4,3,MAPC,Boston Region,Boston Region: NSTF,CATA,Extended,Commuter Rail,Developing Suburbs,DS: Maturing New England Towns,No,NA
253,2501158335,Rowe,,Franklin,1,1,FCPD,Franklin,Franklin: West County,FRTA,Not MBTA,NA,Rural Towns,Rural Towns,No,NA
254,2500958405,Rowley,,Essex,4,3,MVPC,Merrimack Valley,Merrimack Valley: 2,MeVa,Extended,Commuter Rail,Developing Suburbs,DS: Country Suburbs,No,NA
255,2502758580,Royalston,,Worcester,2,2,MRPC,Montachusett,Montachusett: 1,MART,Not MBTA,NA,Rural Towns,Rural Towns,No,NA
256,2501358650,Russell,,Hampden,1,1,PVPC,Pioneer Valley,Pioneer Valley: 5,FRTA,Not MBTA,NA,Rural Towns,Rural Towns,No,NA
257,2502758825,Rutland,,Worcester,3,2,CMRPC,Central Mass,Central Mass: North,WRTA,Not MBTA,NA,Developing Suburbs,DS: Maturing New England Towns,No,NA
258,2500959105,Salem,,Essex,4,3,MAPC,Boston Region,Boston Region: NSTF,None (MBTA),Core (51),Commuter Rail,Regional Urban Centers,RUC: Sub-RUC,Gateway,NA
259,2500959245,Salisbury,,Essex,4,3,MVPC,Merrimack Valley,Merrimack Valley: 1,MeVa,Extended,Adjacent community,Developing Suburbs,DS: Maturing New England Towns,No,NA
260,2500359665,Sandisfield,,Berkshire,1,1,BCRPC,Berkshire,Berkshire: Southeast,None,Not MBTA,NA,Rural Towns,Rural Towns,No,NA
261,2500159735,Sandwich,,Barnstable,5,5,CCC,Cape Cod,Cape Cod: Upper Cape,CCRTA,Not MBTA,NA,Maturing Suburbs,MS: Established Suburbs and Cape Cod Towns,No,NA
262,2500960015,Saugus,,Essex,4,3,MAPC,Boston Region,Boston Region: ICC,None (MBTA),Core (51),Adjacent community,Maturing Suburbs,MS: Mature Suburban Towns,No,NA
263,2500360225,Savoy,,Berkshire,1,1,BCRPC,Berkshire,Berkshire: North,BRTA,Not MBTA,NA,Rural Towns,Rural Towns,No,NA
264,2502360330,Scituate,,Plymouth,5,4,MAPC,Boston Region,Boston Region: SSC,GATRA,Extended,Commuter Rail,Maturing Suburbs,MS: Established Suburbs and Cape Cod Towns,No,NA
265,2500560645,Seekonk,,Bristol,5,5,SRPEDD,Southeast Mass,Southeast Mass: Bristol,GATRA,Extended,Adjacent community,Developing Suburbs,DS: Maturing New England Towns,No,NA
266,2502160785,Sharon,,Norfolk,5,4,MAPC,Boston Region,Boston Region: TRIC,None (MBTA),Core (51),Commuter Rail,Maturing Suburbs,MS: Established Suburbs and Cape Cod Towns,No,NA
267,2500361065,Sheffield,,Berkshire,1,1,BCRPC,Berkshire,Berkshire: Southwest,BRTA,Not MBTA,NA,Rural Towns,Rural Towns,No,NA
268,2501161135,Shelburne,,Franklin,1,1,FCPD,Franklin,Franklin: West County,FRTA,Not MBTA,NA,Rural Towns,Rural Towns,No,NA
269,2501761380,Sherborn,,Middlesex,3,4,MAPC,Boston Region,Boston Region: SWAP/MWRC,MWRTA,Extended,Adjacent small town,Developing Suburbs,DS: Country Suburbs,No,NA
270,2501761590,Shirley,,Middlesex,3,2,MRPC,Montachusett,Montachusett: 3,MART,Extended,Commuter Rail,Developing Suburbs,DS: Maturing New England Towns,No,NA
271,2502761800,Shrewsbury,,Worcester,3,2,CMRPC,Central Mass,Central Mass: Northeast,WRTA,Extended,Adjacent community,Developing Suburbs,DS: Maturing New England Towns,No,NA
272,2501161905,Shutesbury,,Franklin,2,1,FCPD,Franklin,Franklin: East County,FRTA,Not MBTA,NA,Rural Towns,Rural Towns,No,NA
273,2500562430,Somerset,,Bristol,5,5,SRPEDD,Southeast Mass,Southeast Mass: Bristol,SRTA,Not MBTA,NA,Regional Urban Centers,RUC: Sub-RUC,No,NA
274,2501762535,Somerville,,Middlesex,4,4,MAPC,Boston Region,Boston Region: ICC,None (MBTA),Core (14),Rapid Transit,Inner Core,IC: Metro Core Communities,No,NA
275,2501564145,South Hadley,,Hampshire,2,1,PVPC,Pioneer Valley,Pioneer Valley: 3,PVTA,Not MBTA,NA,Developing Suburbs,DS: Maturing New England Towns,No,NA
276,2501562745,Southampton,,Hampshire,2,1,PVPC,Pioneer Valley,Pioneer Valley: 5,FRTA,Not MBTA,NA,Developing Suburbs,DS: Country Suburbs,No,NA
277,2502763165,Southborough,,Worcester,3,4,MAPC,Boston Region,Boston Region: MetroWest,MWRTA,Extended,Commuter Rail,Maturing Suburbs,MS: Established Suburbs and Cape Cod Towns,No,NA
278,2502763345,Southbridge,,Worcester,3,2,CMRPC,Central Mass,Central Mass: Southwest,WRTA,Not MBTA,NA,Regional Urban Centers,RUC: Sub-RUC,No,NA
279,2501365825,Southwick,,Hampden,2,1,PVPC,Pioneer Valley,Pioneer Valley: 2,FRTA,Not MBTA,NA,Developing Suburbs,DS: Country Suburbs,No,NA
280,2502766105,Spencer,,Worcester,3,2,CMRPC,Central Mass,Central Mass: West,WRTA,Not MBTA,NA,Developing Suburbs,DS: Maturing New England Towns,No,NA
281,2501367000,Springfield,,Hampden,2,1,PVPC,Pioneer Valley,Pioneer Valley: 1,PVTA,Not MBTA,NA,Regional Urban Centers,RUC: Major RUC,Gateway,NA
282,2502767385,Sterling,,Worcester,3,2,MRPC,Montachusett,Montachusett: 4,MART,Extended,Adjacent small town,Developing Suburbs,DS: Country Suburbs,No,NA
283,2500367595,Stockbridge,,Berkshire,1,1,BCRPC,Berkshire,Berkshire: Southwest,BRTA,Not MBTA,NA,Rural Towns,Rural Towns,No,NA
284,2501767665,Stoneham,,Middlesex,4,3,MAPC,Boston Region,Boston Region: NSPC,None (MBTA),Core (51),Adjacent community,Maturing Suburbs,MS: Mature Suburban Towns,No,NA
285,2502167945,Stoughton,,Norfolk,5,5,MAPC/OCPC,Old Colony,Old Colony: Higher Population,BAT,Extended,Commuter Rail,Maturing Suburbs,MS: Mature Suburban Towns,No,NA
286,2501768050,Stow,,Middlesex,3,4,MAPC,Boston Region,Boston Region: MAGIC,MART,Extended,Adjacent small town,Developing Suburbs,DS: Country Suburbs,No,NA
287,2502768155,Sturbridge,,Worcester,3,2,CMRPC,Central Mass,Central Mass: Southwest,WRTA,Not MBTA,NA,Developing Suburbs,DS: Maturing New England Towns,No,NA
288,2501768260,Sudbury,,Middlesex,3,4,MAPC,Boston Region,Boston Region: MAGIC,MWRTA,Extended,Adjacent community,Maturing Suburbs,MS: Established Suburbs and Cape Cod Towns,No,NA
289,2501168400,Sunderland,,Franklin,2,1,FCPD,Franklin,Franklin: Central County,PVTA,Not MBTA,NA,Developing Suburbs,DS: Maturing New England Towns,No,NA
290,2502768610,Sutton,,Worcester,3,2,CMRPC,Central Mass,Central Mass: Southeast,WRTA,Extended,Adjacent small town,Developing Suburbs,DS: Country Suburbs,No,NA
291,2500968645,Swampscott,,Essex,4,3,MAPC,Boston Region,Boston Region: NSTF,None (MBTA),Core (51),Commuter Rail,Maturing Suburbs,MS: Mature Suburban Towns,No,NA
292,2500568750,Swansea,,Bristol,5,5,SRPEDD,Southeast Mass,Southeast Mass: Bristol,SRTA,Not MBTA,NA,Developing Suburbs,DS: Maturing New England Towns,No,NA
293,2500569170,Taunton,,Bristol,5,5,SRPEDD,Southeast Mass,Southeast Mass: Taunton,GATRA,Extended,Commuter Rail,Regional Urban Centers,RUC: Sub-RUC,Gateway,NA
294,2502769275,Templeton,,Worcester,2,2,MRPC,Montachusett,Montachusett: 1,MART,Not MBTA,NA,Developing Suburbs,DS: Country Suburbs,No,NA
295,2501769415,Tewksbury,,Middlesex,4,3,NMCOG,Northern Middlesex,Northern Middlesex: No Subregion,LRTA,Extended,Adjacent community,Maturing Suburbs,MS: Established Suburbs and Cape Cod Towns,No,NA
296,2500769940,Tisbury,,Dukes,5,5,MVC,Martha's Vineyard,Martha's Vineyard: MV,VTA,Not MBTA,NA,Developing Suburbs,DS: Maturing New England Towns,No,NA
297,2501370045,Tolland,,Hampden,1,1,PVPC,Pioneer Valley,Pioneer Valley: 5,FRTA,Not MBTA,NA,Rural Towns,Rural Towns,No,NA
298,2500970150,Topsfield,,Essex,4,3,MAPC,Boston Region,Boston Region: NSTF,None (MBTA),Core (51),Adjacent small town,Developing Suburbs,DS: Country Suburbs,No,NA
299,2501770360,Townsend,,Middlesex,3,2,MRPC,Montachusett,Montachusett: 2,LRTA/MART,Extended,Adjacent small town,Developing Suburbs,DS: Maturing New England Towns,No,NA
300,2500170605,Truro,,Barnstable,5,5,CCC,Cape Cod,Cape Cod: Outer Cape,CCRTA,Not MBTA,NA,Rural Towns,Rural Towns,No,NA
301,2501771025,Tyngsborough,,Middlesex,4,3,NMCOG,Northern Middlesex,Northern Middlesex: No Subregion,LRTA,Extended,Adjacent community,Developing Suburbs,DS: Country Suburbs,No,NA
302,2500371095,Tyringham,,Berkshire,1,1,BCRPC,Berkshire,Berkshire: Southeast,None,Not MBTA,NA,Rural Towns,Rural Towns,No,NA
303,2502771480,Upton,,Worcester,3,2,CMRPC,Central Mass,Central Mass: Southeast,None (MBTA),Extended,Adjacent small town,Developing Suburbs,DS: Country Suburbs,No,NA
304,2502771620,Uxbridge,,Worcester,3,2,CMRPC,Central Mass,Central Mass: Southeast,None,Not MBTA,NA,Developing Suburbs,DS: Country Suburbs,No,NA
305,2501772215,Wakefield,,Middlesex,4,3,MAPC,Boston Region,Boston Region: NSPC,None (MBTA),Core (51),Commuter Rail,Maturing Suburbs,MS: Mature Suburban Towns,No,NA
306,2501372390,Wales,,Hampden,2,2,PVPC,Pioneer Valley,Pioneer Valley: 4,WRTA,Not MBTA,NA,Rural Towns,Rural Towns,No,NA
307,2502172495,Walpole,,Norfolk,5,4,MAPC,Boston Region,Boston Region: TRIC,None (MBTA),Core (51),Commuter Rail,Developing Suburbs,DS: Maturing New England Towns,No,NA
308,2501772600,Waltham,,Middlesex,4,4,MAPC,Boston Region,Boston Region: ICC,None (MBTA),Core (51),Commuter Rail,Inner Core,IC: Streetcar Suburbs,No,NA
309,2501572880,Ware,,Hampshire,2,1,PVPC,Pioneer Valley,Pioneer Valley: 4,PVTA,Not MBTA,NA,Developing Suburbs,DS: Maturing New England Towns,No,NA
310,2502372985,Wareham,,Plymouth,5,5,SRPEDD,Southeast Mass,Southeast Mass: Plymouth,GATRA,Extended,Adjacent community,Developing Suburbs,DS: Maturing New England Towns,No,NA
311,2502773090,Warren,,Worcester,2,2,CMRPC,Central Mass,Central Mass: West,WRTA,Not MBTA,NA,Developing Suburbs,DS: Country Suburbs,No,NA
312,2501173265,Warwick,,Franklin,2,2,FCPD,Franklin,Franklin: East County,FRTA,Not MBTA,NA,Rural Towns,Rural Towns,No,NA
313,2500373335,Washington,,Berkshire,1,1,BCRPC,Berkshire,Berkshire: Southeast,BRTA,Not MBTA,NA,Rural Towns,Rural Towns,No,NA
314,2501773440,Watertown,,Middlesex,6,4,MAPC,Boston Region,Boston Region: ICC,None (MBTA),Core (14),Adjacent community,Inner Core,IC: Streetcar Suburbs,No,NA
315,2501773790,Wayland,,Middlesex,3,4,MAPC,Boston Region,Boston Region: MetroWest,MWRTA,Extended,Adjacent community,Maturing Suburbs,MS: Established Suburbs and Cape Cod Towns,No,NA
316,2502773895,Webster,,Worcester,3,2,CMRPC,Central Mass,Central Mass: Southwest,WRTA,Not MBTA,NA,Regional Urban Centers,RUC: Sub-RUC,No,NA
317,2502174175,Wellesley,,Norfolk,6,4,MAPC,Boston Region,Boston Region: MetroWest,MWRTA,Core (51),Commuter Rail,Maturing Suburbs,MS: Established Suburbs and Cape Cod Towns,No,NA
318,2500174385,Wellfleet,,Barnstable,5,5,CCC,Cape Cod,Cape Cod: Outer Cape,CCRTA,Not MBTA,NA,Maturing Suburbs,MS: Established Suburbs and Cape Cod Towns,No,NA
319,2501174525,Wendell,,Franklin,2,1,FCPD,Franklin,Franklin: East County,FRTA,Not MBTA,NA,Rural Towns,Rural Towns,No,NA
320,2500974595,Wenham,,Essex,4,3,MAPC,Boston Region,Boston Region: NSTF,None (MBTA),Core (51),Commuter Rail,Developing Suburbs,DS: Maturing New England Towns,No,NA
321,2502775155,West Boylston,,Worcester,3,2,CMRPC,Central Mass,Central Mass: North,WRTA,Extended,Adjacent community,Developing Suburbs,DS: Maturing New England Towns,No,NA
322,2502375260,West Bridgewater,,Plymouth,5,5,OCPC,Old Colony,Old Colony: Lower Population,BAT,Extended,Adjacent small town,Developing Suburbs,DS: Maturing New England Towns,No,NA
323,2502775400,West Brookfield,,Worcester,2,2,CMRPC,Central Mass,Central Mass: West,WRTA,Not MBTA,NA,Developing Suburbs,DS: Country Suburbs,No,NA
324,2500977150,West Newbury,,Essex,4,3,MVPC,Merrimack Valley,Merrimack Valley: 2,MeVa,Extended,Adjacent small town,Developing Suburbs,DS: Country Suburbs,No,NA
325,2501377890,West Springfield,,Hampden,2,1,PVPC,Pioneer Valley,Pioneer Valley: 2,PVTA,Not MBTA,NA,Regional Urban Centers,RUC: Sub-RUC,No,NA
326,2500377990,West Stockbridge,,Berkshire,1,1,BCRPC,Berkshire,Berkshire: Southwest,BRTA,Not MBTA,NA,Rural Towns,Rural Towns,No,NA
327,2500778235,West Tisbury,,Dukes,5,5,MVC,Martha's Vineyard,Martha's Vineyard: MV,VTA,Not MBTA,NA,Rural Towns,Rural Towns,No,NA
328,2502775015,Westborough,,Worcester,3,2,CMRPC,Central Mass,Central Mass: Northeast,WRTA,Extended,Commuter Rail,Developing Suburbs,DS: Maturing New England Towns,No,NA
329,2501376030,Westfield,,Hampden,2,1,PVPC,Pioneer Valley,Pioneer Valley: 2,PVTA,Not MBTA,NA,Regional Urban Centers,RUC: Sub-RUC,Gateway,NA
330,2501776135,Westford,,Middlesex,3,3,NMCOG,Northern Middlesex,Northern Middlesex: No Subregion,LRTA,Extended,Adjacent community,Developing Suburbs,DS: Country Suburbs,No,NA
331,2501576380,Westhampton,,Hampshire,2,1,PVPC,Pioneer Valley,Pioneer Valley: 5,FRTA,Not MBTA,NA,Rural Towns,Rural Towns,No,NA
332,2502777010,Westminster,,Worcester,3,2,MRPC,Montachusett,Montachusett: 2,MART,Extended,Adjacent small town,Developing Suburbs,DS: Country Suburbs,No,NA
333,2501777255,Weston,,Middlesex,6,4,MAPC,Boston Region,Boston Region: MetroWest,MWRTA,Core (51),Commuter Rail,Maturing Suburbs,MS: Established Suburbs and Cape Cod Towns,No,NA
334,2500577570,Westport,,Bristol,5,5,SRPEDD,Southeast Mass,Southeast Mass: Bristol,SRTA,Not MBTA,NA,Developing Suburbs,DS: Maturing New England Towns,No,NA
335,2502178690,Westwood,,Norfolk,6,4,MAPC,Boston Region,Boston Region: TRIC,None (MBTA),Core (51),Commuter Rail,Maturing Suburbs,MS: Established Suburbs and Cape Cod Towns,No,NA
336,2502178972,Weymouth,,Norfolk,6,4,MAPC,Boston Region,Boston Region: SSC,None (MBTA),Core (51),Commuter Rail,Maturing Suburbs,MS: Mature Suburban Towns,No,NA
337,2501179110,Whately,,Franklin,2,1,FCPD,Franklin,Franklin: Central County,FRTA,Not MBTA,NA,Rural Towns,Rural Towns,No,NA
338,2502379530,Whitman,,Plymouth,5,5,OCPC,Old Colony,Old Colony: Higher Population,BAT,Extended,Commuter Rail,Developing Suburbs,DS: Maturing New England Towns,No,NA
339,2501379740,Wilbraham,,Hampden,2,1,PVPC,Pioneer Valley,Pioneer Valley: 4,PVTA,Not MBTA,NA,Developing Suburbs,DS: Maturing New England Towns,No,NA
340,2501579915,Williamsburg,,Hampshire,1,1,PVPC,Pioneer Valley,Pioneer Valley: 5,PVTA,Not MBTA,NA,Rural Towns,Rural Towns,No,NA
341,2500379985,Williamstown,,Berkshire,1,1,BCRPC,Berkshire,Berkshire: North,BRTA,Not MBTA,NA,Developing Suburbs,DS: Maturing New England Towns,No,NA
342,2501780230,Wilmington,,Middlesex,4,4,MAPC,Boston Region,Boston Region: NSPC,None (MBTA),Core (51),Commuter Rail,Maturing Suburbs,MS: Established Suburbs and Cape Cod Towns,No,NA
343,2502780405,Winchendon,,Worcester,2,2,MRPC,Montachusett,Montachusett: 1,MART,Not MBTA,NA,Developing Suburbs,DS: Country Suburbs,No,NA
344,2501780510,Winchester,,Middlesex,4,4,MAPC,Boston Region,Boston Region: NSPC,None (MBTA),Core (51),Commuter Rail,Maturing Suburbs,MS: Mature Suburban Towns,No,NA
345,2500380685,Windsor,,Berkshire,1,1,BCRPC,Berkshire,Berkshire: North-Central,BRTA,Not MBTA,NA,Rural Towns,Rural Towns,No,NA
346,2502581005,Winthrop,,Suffolk,6,4,MAPC,Boston Region,Boston Region: ICC,None (MBTA),Core (51),Adjacent community,Inner Core,IC: Streetcar Suburbs,No,NA
347,2501781035,Woburn,,Middlesex,4,4,MAPC,Boston Region,Boston Region: NSPC,None (MBTA),Core (51),Commuter Rail,Regional Urban Centers,RUC: Sub-RUC,No,NA
348,2502782000,Worcester,,Worcester,3,2,CMRPC,Central Mass,Central Mass: Central,WRTA,Extended,Commuter Rail,Regional Urban Centers,RUC: Major RUC,Gateway,NA
349,2501582175,Worthington,,Hampshire,1,1,PVPC,Pioneer Valley,Pioneer Valley: 5,FRTA,Not MBTA,NA,Rural Towns,Rural Towns,No,NA
350,2502182315,Wrentham,,Norfolk,5,4,MAPC,Boston Region,Boston Region: SWAP,GATRA,Extended,Adjacent community,Developing Suburbs,DS: Country Suburbs,No,NA
351,2500182525,Yarmouth,,Barnstable,5,5,CCC,Cape Cod,Cape Cod: Mid Cape,CCRTA,Not MBTA,NA,Maturing Suburbs,MS: Established Suburbs and Cape Cod Towns,No,NA
101,2502125100,Franklin,,Norfolk,3,2,MAPC,Boston Region,Boston Region: SWAP,GATRA,Extended,Commuter Rail,Developing Suburbs,DS: Maturing New England Towns,No,Added from IPUMS
101,2502125065,Franklin,,Norfolk,3,2,MAPC,Boston Region,Boston Region: SWAP,GATRA,Extended,Commuter Rail,Developing Suburbs,DS: Maturing New England Towns,No,Added from IPUMS
40,2502107665,Braintree,,Norfolk,6,4,MAPC,Boston Region,Boston Region: SSC,None (MBTA),Core (51),Rapid Transit,Maturing Suburbs,MS: Mature Suburban Towns,No,Added from IPUMS
42,2502308085,Bridgewater,,Plymouth,5,5,OCPC,Old Colony,Old Colony: Higher Population,BAT,Extended,Commuter Rail,Developing Suburbs,DS: Maturing New England Towns,No,Added from IPUMS
100,2501724925,Framingham,,Middlesex,3,4,MAPC,Boston Region,Boston Region: MetroWest,MWRTA,Core (51),Commuter Rail,Regional Urban Centers,RUC: Sub-RUC,No,Added from IPUMS
166,2500937945,Manchester-by-the-Sea,,Essex,4,3,MAPC,Boston Region,Boston Region: NSTF,CATA,Core (51),Commuter Rail,Developing Suburbs,DS: Maturing New England Towns,No,Added from IPUMS
211,2500546575,North Attleborough,,Bristol,5,5,SRPEDD,Southeast Mass,Southeast Mass: Bristol,GATRA,Extended,Adjacent community,Developing Suburbs,DS: Maturing New England Towns,No,Added from IPUMS
244,2502155955,Randolph,,Norfolk,6,5,MAPC,Boston Region,Boston Region: TRIC,None (MBTA),Core (51),Commuter Rail,Maturing Suburbs,MS: Mature Suburban Towns,No,Added from IPUMS
336,2502178865,Weymouth,,Norfolk,6,4,MAPC,Boston Region,Boston Region: SSC,None (MBTA),Core (51),Commuter Rail,Maturing Suburbs,MS: Mature Suburban Towns,No,Added from IPUMS
346,2502580930,Winthrop,,Suffolk,6,4,MAPC,Boston Region,Boston Region: ICC,None (MBTA),Core (51),Adjacent community,Inner Core,IC: Streetcar Suburbs,No,Added from IPUMS
20,2500103635,Barnstable,,Barnstable,5,5,CCC,Cape Cod,Cape Cod: Mid Cape,CCRTA,Not MBTA,NA,Maturing Suburbs,MS: Established Suburbs and Cape Cod Towns,Gateway,Added from IPUMS
104,2500725555,Aquinnah,,Dukes,5,5,MVC,Martha's Vineyard,Martha's Vineyard: MV,VTA,Not MBTA,NA,Rural Towns,Rural Towns,No,Added from IPUMS
114,2501127025,Greenfield,,Franklin,2,1,FCPD,Franklin,Franklin: Greenfield,FRTA,Not MBTA,NA,Developing Suburbs,DS: Maturing New England Towns,No,Added from IPUMS
5,2501300800,Agawam,,Hampden,2,1,PVPC,Pioneer Valley,Pioneer Valley: 2,PVTA,Not MBTA,NA,Developing Suburbs,DS: Maturing New England Towns,No,Added from IPUMS
227,2501352105,Palmer,,Hampden,2,1,PVPC,Pioneer Valley,Pioneer Valley: 4,PVTA,Not MBTA,NA,Developing Suburbs,DS: Maturing New England Towns,No,Added from IPUMS
325,2501377850,West Springfield,,Hampden,2,1,PVPC,Pioneer Valley,Pioneer Valley: 2,PVTA,Not MBTA,NA,Regional Urban Centers,RUC: Sub-RUC,No,Added from IPUMS
8,2501501325,Amherst,,Hampshire,2,1,PVPC,Pioneer Valley,Pioneer Valley: 3,PVTA,Not MBTA,NA,Regional Urban Centers,RUC: Sub-RUC,No,Added from IPUMS
87,2501519330,Easthampton,,Hampshire,2,1,PVPC,Pioneer Valley,Pioneer Valley: 3,PVTA,Not MBTA,NA,Regional Urban Centers,RUC: Sub-RUC,No,Added from IPUMS
278,2502763270,Southbridge,,Worcester,3,2,CMRPC,Central Mass,Central Mass: Southwest,WRTA,Not MBTA,NA,Regional Urban Centers,RUC: Sub-RUC,No,Added from IPUMS
5,2501300765,Agawam,,Hampden,2,1,PVPC,Pioneer Valley,Pioneer Valley: 2,PVTA,Not MBTA,NA,Developing Suburbs,DS: Maturing New England Towns,No,Added from IPUMS
114,2501127100,Greenfield,,Franklin,2,1,FCPD,Franklin,Franklin: Greenfield,FRTA,Not MBTA,NA,Developing Suburbs,DS: Maturing New England Towns,No,Added from IPUMS
